make,model,license_plate,vin_code,client_name
Ford,F150,BA6398,5TDDK3DC8FS776142,Langston
Kia,Amanti,AM2515,WVWED7AJ1CW948127,Vinnie
Lincoln,Continental,SQ7617,WAUEG78EX6A041889,Mack
Toyota,Echo,AM3262,JN8AF5MR3FT727217,Averil
Subaru,Impreza,SK9178,1FMJK1JT4FE286873,Mellicent
Volvo,960,ET3337,WBSDE93462C671656,Hortensia
Toyota,Highlander,LH2851,1G4GJ5G35DF261938,Brigit
Jeep,Liberty,SK1074,1GYS3CKJ8FR599865,Regine
Volkswagen,rio,QF5185,WP1AA2A24CL069589,Vonnie
Ferrari,F430,KL7820,1FTEW1C86AF536264,Brady
Saab,900,DL5162,WAULFAFRXCA199383,Bobbette
Audi,A6,TG5220,WBAYA8C56FD091134,Kingsley
Acura,CL,AV2250,1G4HK5E93AU530129,Mariya
Volvo,C70,AF4079,WAUVT68E04A993321,Jasun
Cadillac,DeVille,AV9422,1N6AF0LY5FN614152,Bibi
Mazda,MPV,WN2403,1N6AF0KX9EN994233,Fionnula
Oldsmobile,98,SA4293,1G6KD54Y44U055160,Delila
Hyundai,Elantra,LA4328,WAUKH78E68A169520,Maison
Volvo,XC90,SQ5766,WAULT68E05A385131,Steve
Porsche,911,SK1612,1GKS1HE02DR748994,Dacey
Ford,Explorer,IB7381,JN8AF5MV1FT154105,Paxon
Infiniti,Q,EK7699,WAUJT54B73N302376,Suzann
Ford,Galaxie,AC5311,YV4952BL0E1534450,Dimitri
Honda,S2000,AA5822,2T1BU4EE3CC180853,Alla
Volvo,XC70,SA2908,1N6AF0LY0EN766791,Cary
Ford,Taurus,AA5562,WDDDJ7CB4BA860040,Ewell
GMC,1500 Club Coupe,AZ5740,2C3CA1CV6AH565524,Jessy
Buick,Somerset,SK4657,WAU3FAFR2CA232909,Codee
Maserati,GranTurismo,IB6191,5J8TB4H30FL697580,Salim
GMC,Sonoma Club Coupe,LA5926,WAUVT64BX3N134367,Lorena
Volkswagen,GTI,QR7768,1G6KD57Y25U812795,Gladi
Chevrolet,Monte Carlo,SA4231,1FMEU7EE0AU500525,Jody
Aston Martin,V8 Vantage,NH2891,WBABN33422J466887,Pryce
Volkswagen,Golf III,AZ1863,WAUDH48H87K875575,Carlie
BMW,M3,SQ2715,WA1LMAFE4ED579871,Abby
Honda,Accord,LA9878,JN8AE2KP4E9902346,Milton
Mitsubishi,Montero,NZ3672,5GAKVCED0BJ755123,Bendicty
Mazda,626,NZ5489,2C3CDXBG0EH695334,Kyrstin
Mercedes-Benz,E-Class,SQ1154,5UXZW0C53BL387527,Riordan
Mercedes-Benz,S-Class,AM9560,19XFA1F24AE570758,Allis
GMC,Suburban 2500,KE5573,JA32X2HU8DU384470,Arlette
Volvo,C70,AF4460,1G4GG5E39DF893469,Heinrik
Honda,Pilot,SQ5275,WBA3R1C55FK263952,Carola
Lamborghini,Gallardo,DL3421,WAUJT68E82A374848,Sigvard
Lincoln,Continental,NH4302,1FTWW3A51AE970123,Mela
Ford,Edge,UA8496,1FMEU5BE4AU873768,Gawain
Toyota,Corolla,LH3400,1GYEC63808R068172,Lexis
Nissan,Cube,CX2731,3D73Y3CL8BG967778,Cordelia
Hyundai,Veracruz,AV9981,1C6RD6FK3CS976104,Nerty
Mazda,MPV,CX7274,WBABD33464J415480,Tobit
Toyota,Camry,QR6336,1FMJK1FT8FE699162,Leo
Toyota,Tacoma,UA8934,4USBU33507L668177,Boris
Honda,Fit,SQ4474,JTHBE1KS6A0980784,Corette
Jeep,Liberty,WN9242,2B3CJ4DV3AH568572,Marion
Porsche,Boxster,SQ4039,WAUAF98E57A254246,Alvera
Land Rover,Range Rover,AV1860,WBAEU33452K434932,Leesa
Saab,9-3,SK8375,KMHTC6AD0DU410073,Lynnelle
Mercedes-Benz,C-Class,AI3088,3D73M3HL3AG841931,Dickie
Eagle,Talon,IB4796,1G6DB8E50E0159934,Vivianna
Kia,Sportage,DL7930,WUADUAFG4EN494716,Hughie
Nissan,Sentra,AV6446,WBAFR1C54BC603898,Yovonnda
Chevrolet,Silverado 3500,SA8769,WBAYP5C51ED084300,Nathalia
Bentley,Brooklands,QF2814,2C3CDZAT6FH725870,Daune
Pontiac,Grand Prix,EK1892,JTDJTUD31ED391487,Whit
Chrysler,Imperial,DL2173,1G6DM1ED6B0632658,Jude
Audi,100,AA6384,5UMBT93596L975482,Garrik
Infiniti,EX,KL7867,2LMHJ5FK3FB373272,Katie
Mazda,B-Series Plus,UA9016,KMHTC6AD1EU193957,Elinor
Ford,F150,UA3568,WAUDGBFLXCA413856,Stacy
Mazda,B-Series,UA3188,1YVHZ8BH3B5945566,Massimo
Honda,Prelude,AF2793,WBA5B3C57FD200588,Amabelle
Chevrolet,2500,QF1039,WAUDH94F76N757046,Edan
Ford,F-Series,SK5565,1GYS4SKJ6FR033369,Orland
BMW,3 Series,AM2471,WBANE53596C079765,Libbey
GMC,Safari,NZ4344,SAJWA1EK8EM050119,Eldridge
BMW,7 Series,QR5279,1N6AD0CUXFN800322,Lisetta
Dodge,Viper,IB8460,2T2BK1BAXBC187797,Alick
Mitsubishi,L300,NZ7915,2C3CDXEJ8EH486737,Vanya
Toyota,Supra,QF3138,SCFAD02A17G970554,Clio
Volkswagen,Passat,QR5364,5UXZW0C53BL919424,William
Bentley,Continental GTC,AF4156,WBABS33473P872543,Amitie
BMW,525,LH8821,1G6DN8EV6A0369990,Francyne
Honda,Odyssey,LA3204,1FTSF3A52AE750343,Cara
Oldsmobile,88,IB1120,WA1EY74L28D995830,Hube
Isuzu,Oasis,SA5535,1C3BC8EG4BN769695,Opaline
Pontiac,GTO,SK4478,5TDDK3DC9BS508372,Nikos
Toyota,T100,SA6231,1D7CW3BK0AS161455,Robbert
Ford,Mustang,QF4102,3D73M3HL5AG906584,Antoni
Bentley,Continental,AI5617,1G6AC5S3XD0410913,Nathan
Kia,Carens,AV9215,KL4CJESBXFB441728,Valentine
Dodge,Durango,AI1786,5N1AN0NU1BC821042,Vonnie
Lexus,GX,AC9537,1FTMF1EW8AF181413,Marjy
Chevrolet,Silverado 3500,IB8240,JN1AZ4EH9FM139189,Far
Cadillac,CTS,AA7566,1FTEX1CM4DK667196,Creight
Pontiac,Solstice,UA9363,1FTWW3B55AE627331,Cathrine
Lexus,LS Hybrid,LA3325,5J8TB1H22CA783843,Riobard
Mazda,B-Series,TG8205,WAUCF78K19N998487,Morten
Mercury,Capri,NH6128,3TMJU4GN7AM696470,Hilly
Dodge,Neon,SQ1217,WAUHF68P06A888013,Tammi
Cadillac,SRX,IB8002,WBA3B5G54FN297496,Roxanne
Hyundai,Elantra,LH3045,4T1BF1FK9CU556063,Natalie
Mazda,Mazda2,AF5408,JTDJTUD34ED740433,Waneta
Nissan,Armada,BA4184,1G6DX67D390697785,Reade
Hummer,H1,AF4293,1GYS3BKJ5FR812720,Amabel
Mitsubishi,Endeavor,IB2744,1GYFC43559R617168,Ardelis
Hyundai,XG350,KL7531,1YVHZ8BH8A5060956,Gerta
Chevrolet,Caprice,AI7015,2C3CA5CV8AH911502,Amara
Suzuki,Verona,AZ4478,WAUSF78E98A692388,Astrid
Lexus,LS,BA4184,WBAGH83471D588538,Rania
Ford,ZX2,CX3481,1GD11ZCG7DF017262,Sayre
Nissan,Titan,ET1652,WAUDH68D41A731432,Lewes
Ford,Fusion,NH3168,JH4CU2F8XEC120340,Rafi
Mazda,Familia,CX1276,WBA3T3C5XEJ741283,Maude
Toyota,Tacoma,NH1373,5TFBY5F1XDX424636,Ainsley
Mazda,Miata MX-5,AV7819,5UXFA93524L227017,Steffen
Dodge,Ram Van 3500,AV2480,JH4CU25699C760562,Friederike
Acura,Integra,SQ7099,WA1LYAFE9AD079638,Farrel
Chevrolet,Monza,SA8444,KNAGM4AD7C5725255,Burtie
Lamborghini,Murciélago,KE6811,WAULD54BX4N516088,Bridgette
Pontiac,Firebird,SQ7993,1J4RG4GK4AC744759,Alexandra
Acura,RDX,QR1576,1GYFK26229R727474,Marjy
Volkswagen,Jetta III,SQ9635,3GYFNDE39DS986191,Nani
Pontiac,Tempest,LH7664,WBA3B5C51DP166923,Vivyanne
Ford,Windstar,BA5173,WA1BV74L57D857631,Gayel
Chevrolet,Caprice,IB9562,3D73Y3CL7AG210630,Nicki
Volvo,S60,SQ5198,ZHWGU5BZXCL226343,Jarrad
Ferrari,599 GTB Fiorano,NH7496,WAUKF98EX7A409569,Morna
Lexus,LX,UA1878,1G6KY54981U648903,Matteo
Lincoln,Navigator,UA6879,WBA3T3C53EP160785,Caprice
Lotus,Esprit,NZ1689,1G6KF57952U157840,Britte
Mercedes-Benz,CL-Class,AV1063,5FRYD4H46GB783356,Ashlen
Subaru,Legacy,AF4682,WAULT68E95A280748,Zandra
Ford,Tempo,AZ5907,WVGAV7AX1AW748986,Iseabal
Chevrolet,Monte Carlo,AM7831,2G4GN5EK0C9154351,Torrie
Acura,TSX,EK3851,5TFCW5F10DX576869,Lindi
Daihatsu,Charade,BA8890,YV4940BL5D1837780,Shawn
Volkswagen,Tiguan,KE4039,3VW1K7AJ7CM626612,Sax
BMW,3 Series,TG7193,1GKS1AE06DR892880,Mischa
Saab,9-3,EK9582,WBA3B3C51FF522767,Arney
Chrysler,Sebring,NH9869,3VWML7AJ5DM185364,Nealson
Mazda,626,IB7632,1GYUCEEJ5AR689287,Decca
Hyundai,Santa Fe,AA1003,JTEBU4BF8CK726781,Damaris
GMC,Sierra 2500,AC9772,1GYFK46878R653712,Tonye
Cadillac,Seville,AF1364,WAULT54B02N546345,Neron
Chevrolet,Express 1500,DL4495,19UUA8F2XEA082067,Cathee
Infiniti,G35,NZ7379,WAULT64B84N052470,Ettie
Buick,Century,EK1649,WBSDX9C51DJ403020,Sandro
Dodge,Nitro,TG3301,5NPE24AF2FH828413,Karmen
Ford,E250,SQ7261,WBA3A5G50EN849206,Sterne
Chevrolet,Astro,BA3006,YV1672MW5B2476925,Heriberto
Nissan,Quest,LH7516,JN1AZ4EH2AM671988,Appolonia
Mercury,Mystique,EK4042,2HNYD18916H532579,Barri
Audi,A3,LH3115,5N1AR2MM7EC176077,Marthe
Saturn,S-Series,TG2914,KMHTC6AD1EU962473,Jacynth
Dodge,Ram Van 2500,AA8683,YV4852CZXB1992992,Dianna
Jeep,Wrangler,AC9578,JN1AZ4EH4FM770500,Linda
BMW,Z8,LA6417,WAULD64B13N195885,Tremain
Chevrolet,Corvette,SA3457,WAURVAFA5AN017733,Mufinella
Audi,A3,ET1969,3D73M3CL9BG456897,Corella
Lincoln,Continental,BA7518,WUADUAFG0BN783698,Emilie
Ford,Explorer,WN2160,2HNYB1H68CH668070,Ches
Toyota,Camry,KE4306,19UUA66208A253157,Niki
Lincoln,Town Car,AI1615,3D73M4HL1BG884185,Salvidor
Dodge,Dakota Club,AM5855,KMHHT6KD7AU419899,Ursulina
Lincoln,Town Car,TG3677,KNADH5A39A6348018,Helena
Cadillac,Escalade EXT,AI7579,WAUGL58E45A957765,Sibella
Infiniti,QX56,DL9121,1GD12YEG6FF142339,Ruby
Subaru,Impreza,DL8529,WBASN2C52DC619293,Merell
Chevrolet,S10,AF1380,WBAVM1C50EV130908,Laurence
Ford,Windstar,LA7613,WAUKH94F08N791940,Olivia
Nissan,Xterra,DL7850,WAUXF98K39A066831,Catlaina
Mercedes-Benz,GL-Class,AC8831,5TDDW5G12FS850262,Ernie
Audi,S4,KE6079,SCBBR53W268616971,Godiva
Pontiac,Grand Prix,SA1377,KL4CJFSB5EB475581,Si
Dodge,Ram 2500,AA1540,3C63DRGL4CG537452,Christyna
Nissan,Quest,LH2007,2C4JRGAG9DR567608,Inger
Chevrolet,Express 2500,NH4302,1FTWW3B50AE079464,Bran
Mitsubishi,Galant,WN2436,JM1NC2JF0B0333863,Petrina
Chevrolet,Suburban 2500,AA8666,137FA90311E495435,Tiler
Pontiac,Firefly,AV9936,1G6DG8E5XC0613539,Flynn
Mercedes-Benz,C-Class,AI5161,1N4AA5AP0EC960540,Dolli
Mitsubishi,Eclipse,AM8252,1FTMF1EW5AF503926,Binni
Pontiac,Grand Prix,AC4523,WAUDF68E75A826152,Frederik
Jaguar,XJ Series,AM9072,WBAVM1C57DV056773,Judye
GMC,Savana 2500,AZ5549,KNAFT4A2XC5873879,Cherida
Dodge,Omni,TG9377,2C3CK5CV3AH703783,Rhonda
Isuzu,Ascender,IB3260,WAUML64B14N438586,Valli
Nissan,Sentra,AM2354,WBAUP9C55AV056929,Annissa
Mitsubishi,Diamante,SK9581,WAU3GAFRXDA754945,Dewitt
Mitsubishi,Mirage,BA2359,2C3CCAJG5DH455163,Blakelee
Dodge,Ram Van 2500,AI8986,WP0AA2A96DS113939,Miranda
Mazda,Miata MX-5,SQ2482,3C3CFFER2FT325030,Jayme
Dodge,Grand Caravan,SK3607,5XXGM4A7XDG788974,Cullan
Chevrolet,S10,AF4293,3GTU1YEJ0BG533379,Raquel
Lincoln,Town Car,SQ2999,WBABV134X4J341319,Meredithe
Scion,xB,IB7358,WBAUP73539V339703,Consalve
Nissan,Altima,UA5154,WBAKP9C5XFD320747,Worth
Mercedes-Benz,SLK-Class,KL4094,JM1GJ1T66F1347403,Emelina
Ford,Explorer Sport Trac,UA8973,WBAEK13567C615624,Anselma
Toyota,Venza,NH8896,1D7RV1CP8BS577282,Chad
Mercedes-Benz,SLK-Class,AI6535,JN1AZ4EHXFM916138,Rene
Acura,RL,AZ7112,1C4NJPBA3FD100872,Janelle
Chevrolet,TrailBlazer,SA2814,1GD322CG2EF568052,Myles
Ford,Galaxie,CX4309,1N4AB7AP3DN546390,Milton
Lexus,RX,NZ6109,WAU3GBFC3DN829768,Wyatan
Pontiac,G8,AI1679,1C3CDZCB0CN168770,Langston
Pontiac,Firefly,SA8652,JTDKN3DP3C3173114,Les
Maserati,Gran Sport,AF8029,3VW467AT4CM109481,Rayshell
Honda,Accord,KE5890,1G6AJ5S36E0040440,Reg
Toyota,Highlander,CX3481,WBASN2C5XBC026228,Mickie
Plymouth,Voyager,NH3518,VNKKTUD30FA733865,Judith
Chevrolet,Lumina,SA3071,2G4WS55J831398954,Nelle
Bentley,Continental GT,UA1148,WAUDGAFL8CA090675,Hervey
Chevrolet,1500,WN9277,1D4RD2GG6BC869555,Cchaddie
Hyundai,Elantra,DL3294,1G6DE5EY7B0133794,Danya
Mercedes-Benz,300SL,NZ2363,JTHBK1GG8E2793571,Charlene
Lexus,LS,QR5659,KM8NU4CC5CU500817,Ivar
Lexus,GS,LA1124,JM1NC2LF3F0467351,Sophi
Mercury,Sable,LH2485,3D73M4EL0AG284647,Michelle
Jaguar,S-Type,CX6909,TRUUT28N361195301,Briney
Subaru,Baja,KE3649,5TDBM5G15AS968344,Ryann
Suzuki,XL-7,QF1039,WAUEV74F57N551436,Elston
Chevrolet,Cavalier,LH1464,TRUTX28N011073150,Osbourne
Chevrolet,TrailBlazer,LH8821,WBASP0C59DC750641,Ivy
Cadillac,Escalade EXT,LA4783,WAUDF78E57A959422,Kirbie
Mercedes-Benz,SLK-Class,QR2866,WVGBF7A98AD998062,Karrie
Pontiac,GTO,SQ2482,YV1902FH8D2890865,Silvano
Jaguar,S-Type,AA1630,YV4902DZ3E2285927,Joelle
MINI,Countryman,AI2219,WBAGN83565D874212,Katya
Acura,MDX,TG7872,WAUUL98E36A141206,Darnell
Porsche,968,SK6873,JHMFB4F24CS105846,Feliks
Audi,V8,QF2015,1FTSW2B5XAE355044,Agnese
MINI,Clubman,IB4989,3VW507AT5EM286291,Donelle
Volkswagen,Cabriolet,LA8602,TRUTC28N341031765,Carine
Volkswagen,Cabriolet,KL3301,WBAFU7C51CD199391,Agnola
Chevrolet,Lumina,SQ2999,KL4CJHSB0FB407508,Orsola
Chevrolet,2500,AA3897,2C3CA7CWXAH129349,Tresa
Kia,Optima,IB8974,5FRYD3H22EB132537,Jilly
Toyota,Highlander,TG4488,JTEBU5JR7C5342006,Hermie
Mitsubishi,Eclipse,QR4230,2C3CCAEG4DH024162,Patti
Saab,900,AM4818,WAUYP64B01N677192,Rodie
Nissan,Altima,AA2910,1FBNE3BL9BD916690,Bar
Audi,A4,AZ4140,1G6KD57Y35U048018,Tamar
Porsche,Panamera,AM1632,WBA3V5C59FP633015,Rube
Buick,Skylark,EK9724,1GKS1FFJ2BR449983,Barnett
Mitsubishi,Galant,AV7161,1G4GD5GG8AF258697,Dani
Hyundai,Elantra,WN2810,KNDMG4C76E6859126,Mikey
Infiniti,QX56,AZ4478,3C3CFFJH2FT292219,Marlena
BMW,Z8,AI3538,1G6AH5RX9F0479153,Findlay
Maybach,62,IB4180,1GKS1AE03DR574568,Lalo
Austin,Mini Cooper S,EK2243,1GYFC13279R307382,Leroi
Mitsubishi,Galant,BA7435,3C63DRKL4CG629653,Jannelle
Honda,Odyssey,AI8874,SALAC2D42BA994712,Brandise
MINI,Clubman,AM4372,3VW467AT7DM143206,Tisha
Mercedes-Benz,S-Class,QR9598,JM3TB2CAXE0522124,Evelin
BMW,X6 M,AZ4856,WBA4C9C56FD726531,Diena
Chevrolet,Silverado,NZ7733,1FTEW1C86AK429898,Sybille
Mitsubishi,Precis,BA8268,WP0AA2A89CU625981,Ingram
Lincoln,LS,SQ1154,WBABD53486P406873,Gradey
Nissan,Altima,QF4285,3VW8S7AT4FM325929,Artair
Audi,Cabriolet,QF4544,WAU4FAFR5AA020619,Tildie
Lexus,RX,NH2978,2G4GY5GV8B9487068,Adrianne
Tesla,Roadster,UA1392,WBAUP7C58DV020578,Carena
Mercedes-Benz,400SE,AA5793,1G4HP57266U299784,Nikki
Chrysler,Voyager,SQ2302,WAUAH94F68N657722,Bone
Pontiac,G5,LH3202,JN8AF5MV1FT550003,Kylila
Dodge,Dakota,DL4294,5J8TB3H71GL343033,Marni
Jaguar,XJ Series,SA9098,1G6KD54Y94U353137,Selby
Lexus,IS,ET5694,1G6DS1ED3B0435565,Eveline
Subaru,Loyale,AI8523,5FRYD3H23GB881821,Margaux
Ford,F-Series Super Duty,AM1632,3N6CM0KN2EK282147,Gabrila
Mitsubishi,GTO,WN1641,4F2CY0C70AK510269,Dore
Lexus,HS,DL3161,WAUJC58E45A434624,Fiorenze
Volkswagen,Jetta,NZ5969,3C63DRLL1CG736027,Babb
Chevrolet,Express 2500,AZ8496,SALAG2D48CA964667,Eugen
Mazda,MX-6,LA2996,VNKJTUD36FA645463,Stavros
Chrysler,LHS,LH8665,WAULD54B32N219984,Nancee
Dodge,Dakota,SQ2983,1G4GJ5G37DF765505,Raf
Pontiac,Grand Prix,TG9561,WAUDH78E87A812764,Adiana
Mazda,B-Series,AV6190,KNADM4A35F6660155,Mikel
Mitsubishi,Chariot,ET9515,WBAKG1C59BE658680,Alfreda
Dodge,Grand Caravan,UA1486,WBA4C9C51FD031700,Stavros
Jeep,Wrangler,AV3448,4A31K5DF5AE746536,Ryan
Suzuki,SJ,BA7617,5N1AA0NE3EN490574,Margaux
Audi,5000S,BA5740,1FTSF3B53AE809480,Colby
GMC,Yukon,SK9022,3D73Y4CL8BG009696,Nancey
Honda,Prelude,AI8841,3D7TT2CT9BG338605,Harriot
Cadillac,Escalade,WN7861,KMHFG4JG8DA032084,Andrew
Honda,Civic,SK7971,5N1AR1NB4CC532148,Bonita
Infiniti,QX,TG6097,3FA6P0PU5FR123399,Babb
Porsche,Cayman,IB5640,JN8AS5MT3BW666239,Falito
Volvo,S80,SA1768,5GAKVAED2CJ957080,Ernestine
Lincoln,Town Car,SQ7993,1FBNE3BL1ED062282,Erek
BMW,5 Series,ET9897,1GYEE23A990614978,Shea
Audi,5000S,NH8710,2G4WC562351029104,Arne
Toyota,RAV4,SK9152,5GAKRCED7BJ053255,Darcey
Ford,Edge,TG5588,1N6AD0CU1FN577488,Alvy
Ford,Ranger,EK9198,4USBT53444L102427,Theodoric
Chevrolet,Silverado,QR1765,1D4PU5GK3AW291599,Tobi
Ford,E150,AM6760,4T3BK3BB1FU078326,Jonis
Toyota,Highlander,ET5759,WBAPM5C58BE711830,Osborn
Hyundai,Azera,ET3331,JTDKN3DP9F3517758,Rhodie
Saturn,S-Series,QR6105,2T1BURHE8FC830645,Layne
Oldsmobile,Bravada,SA5422,1FTEW1CF6FK731715,Morley
Pontiac,Vibe,KE2015,2C3CCAGG9DH740603,Waring
Nissan,Cube,UA6061,WAURFAFR8CA128421,Urson
Chevrolet,Silverado 2500,BA9628,WP0AB2A87CU109955,Gar
Mitsubishi,Galant,SK3409,SAJWA4EC5BM638890,Chet
Saab,9-5,TG4488,WAUEF98EX7A009301,Merlina
Subaru,XT,SQ1217,WP1AE2A26FL524757,Dorthea
Audi,TT,AM3278,3C6LD5BT3CG275293,Bette
Acura,NSX,UA3235,WBAEA5C54AC202344,Karissa
Land Rover,Discovery Series II,AI5145,1G6AC5SX4F0634197,Abelard
Acura,RDX,UA8685,KNAFU6A20D5814057,Pincas
Pontiac,GTO,CX5974,SCBDR33W69C033172,Michelina
Ford,Econoline E150,AZ8759,WBANV93578C640510,Gena
Isuzu,i-Series,LH8277,2HNYD18766H377798,Cointon
GMC,Sierra 3500,WN2998,JM1NC2SF0F0640695,Constancia
Subaru,Outback,AM6142,1G6DK8ED6B0467421,Tiphani
Toyota,Prius,QF2246,WAUAFAFH9DN680119,Pen
Volkswagen,Passat,DL4362,1GYS3HEF0CR167514,Terence
Oldsmobile,88,ET8852,1GKS2FEJ1CR154647,Kimmy
Buick,Skylark,LA7789,3C4PDCABXET165536,Zita
Ford,Ranger,AA8700,WP1AE2A23CL103137,Carena
Ford,Crown Victoria,KE1190,JH4CU26649C283926,Karie
Mercury,Monterey,AZ9140,1C6RD6GP8CS428836,Elisa
Volkswagen,Eurovan,AZ7443,SALVE2BG0FH582584,Vinny
Porsche,924 S,SK7694,JN8AZ1FY8CW701601,Saloma
Pontiac,Grand Prix,BA8890,3C3CFFBR7FT273771,Salmon
GMC,Savana 1500,AI6534,WP1AA2AP0AL663976,Hadleigh
Dodge,Journey,EK8700,3FAHP0CG0BR591673,Denise
Ford,F-Series,ET7935,4T1BD1FK4EU565097,Karrie
GMC,Yukon XL 2500,SK4817,3D7JB1ET6BG631590,Ermentrude
GMC,Vandura 2500,IB8190,WAUR2AFD7EN434294,Janeczka
Pontiac,Firefly,NZ4290,JN1CV6EK7DM307050,Kaylil
Jeep,Patriot,AC1444,19XFB2E20CE366787,Haslett
Cadillac,Escalade ESV,KE5048,1N6AF0LX3FN549809,Raphaela
Dodge,Ram 50,UA5293,1N6AF0KX6FN531497,Annabal
Saturn,L-Series,KL9883,WAUJF98K19N650885,Lauryn
Buick,Skylark,QF3279,5N1AR2MM0EC499645,Louise
Mercedes-Benz,S-Class,QR2424,1FTSW2B51AE214251,Colette
Toyota,Camry,AC2262,1G6AF5SX8D0709410,Wakefield
Nissan,Xterra,AF9091,JM1NC2LF1C0330873,Raff
Ford,Probe,AA1935,1D7CW7GP4AS386750,Lucila
Volkswagen,Cabriolet,WN5430,1G6DV8EP8C0692863,Jehanna
Mazda,Miata MX-5,EK4479,1G6DD67V890691482,Ernesto
Mitsubishi,Precis,ET3931,SCFFDCCD5BG764372,Blanche
Chevrolet,Monte Carlo,ET6441,SCFFDABM5EG527469,Lucita
Audi,S6,AI9592,WA1VGBFP1EA357474,Irving
Plymouth,Neon,WN7250,3N1AB6AP2BL292305,Chad
Suzuki,Sidekick,DL8529,4T1BF1FK0EU466027,Blayne
Ford,F350,SK7231,1G6DM5EG0A0562039,Alyce
Toyota,4Runner,EK9410,WAU4FBFL3BA634278,Byrom
Acura,RL,QF3681,WBAVB73537K593123,Jenda
Volkswagen,Eurovan,KE5668,WAUVT58E15A521172,Lonnard
Ford,Edge,CX7861,3TMJU4GN2DM201189,Thor
Mazda,626,QR9690,1D7RV1GP1AS434795,Shannon
Chevrolet,Monte Carlo,QR8726,1G6DG577780082952,Wilek
Toyota,Camry,SA8769,WAUVC58E52A366489,Catharina
Porsche,914,SA2779,WBAPT73559C329663,Marty
Mercury,Cougar,AZ5754,1G4GE5EV5AF107895,Wallie
Nissan,Sentra,ET6234,55SWF4JB4FU124930,Malena
Pontiac,Grand Prix,QR5800,WVWED7AJ9DW373325,Goddart
Dodge,Ram 2500 Club,IB3568,WBA3B5C56DJ481526,Torre
Hyundai,Accent,AI6039,WBADX7C51CE493236,Katinka
Chevrolet,Colorado,SK3891,WAUBF48H08K672369,Ferdie
Lamborghini,Gallardo,SK9048,WVGFF9BP4BD547027,Kahlil
Lexus,ES,TG7327,JTHBE1BL4FA528259,Katusha
Aston Martin,V8 Vantage,KE6728,WAUBF78E57A307052,Horten
BMW,525,AI5591,WAUHF98P98A460848,Jojo
Toyota,Previa,AI1476,3N1AB6APXBL284890,Terrance
Mercedes-Benz,S-Class,LA2826,WAUEH78E66A676802,Zorah
Nissan,Rogue,SA8121,JHMFA3F28BS794219,Waly
Alfa Romeo,Spider,SA8740,2G4GS5EK4C9223602,Felicia
Dodge,Durango,SK4476,1G6DK5E33C0448445,Tyrone
Mazda,CX-7,WN7481,SCBLE37G85C270699,Sadella
Audi,4000,TG3782,JN1AZ4FH5FM852427,Loralyn
Chevrolet,Suburban 1500,NH8056,WVWED7AJXBW498072,Salomon
Dodge,Ram 1500 Club,EK9900,WVGAV7AX6AW528680,Nolana
Mitsubishi,Mirage,AI2399,WAUHFAFL1AA663983,Norene
Porsche,944,AA2638,1G6DS57V390705451,Claudio
Aston Martin,V8 Vantage,QR6020,WBAAV53481F246064,Cori
Geo,Prizm,SK7263,1C3CCBAGXEN675980,Arthur
Acura,CL,AV7529,2G4WB52KX41936584,Umeko
BMW,330,SA1191,WAUXD68D62A326165,Libbey
Buick,Century,IB5919,WAUBFAFL6AA536376,Neall
Nissan,Xterra,QF3681,WBAVB73557F584965,Katie
Lincoln,Aviator,AV4168,WBS3U9C52FJ135800,Adrianna
Pontiac,GTO,AA4577,5GAKVCED6CJ125303,Harri
Saab,9000,SA4339,JTEBU5JR4C5165723,Melisande
Mitsubishi,Pajero,KE5890,WBAVS135X8F492507,Montgomery
Ford,Ranger,QR7324,4JGBF2FE0CA328583,Saw
Chevrolet,Monte Carlo,CX9201,1G6DP577570256810,Maxie
Scion,tC,UA4821,SCFFDCCDXCG398569,Harmon
Dodge,Dakota Club,SK7017,3N1CN7AP8EK631343,Keenan
Land Rover,Defender,KL8141,5NPET4AC2AH233962,Elyssa
Isuzu,Trooper,QF2814,WAUVC58E15A833511,Jerry
Toyota,Tundra,BA3679,3N1AB6AP0AL544163,Judd
Hyundai,Sonata,SQ4535,WAUWMAFC7EN696904,Carter
Aston Martin,V8 Vantage,NH2293,WAUPFAFM5AA680757,Carr
Chevrolet,Cavalier,SQ4474,3C6TD5KT4CG180502,Salmon
Volvo,240,AA8399,WBAVB17576N749054,Margalit
Mazda,Miata MX-5,AA7149,WAUKF98E36A388370,Carolus
Cadillac,DeVille,QF3938,1G6DL1E30D0738553,Bernita
Ford,F250,AA6821,1GYS3BEF4BR268034,Vidovic
Chevrolet,Astro,ET7552,1G6AH5RX0E0544776,Eddie
Toyota,Avalon,AF8307,1G4GJ5E37DF807352,Honoria
Mercury,Mariner,ET4685,SCBBR9ZA6DC888808,Keir
Mazda,MX-5,QF2874,KMHTC6AD2DU186241,Salomo
Mercedes-Benz,SLR McLaren,KE2908,WAULT54B63N783858,Tildie
Plymouth,Reliant,AC3914,WBAEV33433P864797,Bernardo
Mercedes-Benz,GL-Class,KL3664,KMHDB8AE4CU188924,Nestor
Buick,Coachbuilder,AC8527,1G6KS54Y23U930692,Madonna
Chevrolet,Caprice Classic,AV7927,KNALN4D71F5625030,Gerda
Mercury,Mariner,AF2692,3LN6L2LU8DR755829,Townie
Toyota,Echo,KL6135,3LNHL2GC9CR395267,Marylinda
Toyota,Tacoma Xtra,SQ9336,2HNYD28577H289039,Kendell
Cadillac,DTS,AA7550,5NPDH4AE4DH778144,Gilligan
Honda,CR-X,SK9763,WBA1J7C54EV266064,Shelly
Mitsubishi,Montero Sport,BA1599,19UUA75517A528390,Avigdor
Dodge,Daytona,LA3827,1N4AL3APXDC195155,Fawn
Chevrolet,S10,WN9442,WBAGN63492D418583,Darcy
Ford,Explorer Sport Trac,AA1361,WUADU78EX8N197131,Scotti
Chevrolet,Express 1500,KE6046,WBAEH73445B424909,Shay
Mitsubishi,Endeavor,QR1576,YV1902FH1D2508742,Addy
Mazda,Mazda6 5-Door,SQ1939,1G6AB5R35E0793413,Dyane
Mitsubishi,Precis,SQ6136,SAJWA4EB7EL528036,Agata
Honda,Civic,KL3187,19UUA8F29EA728487,Ada
Nissan,Frontier,AA4087,YV126MFK2F2434788,Hyatt
Chevrolet,Suburban 2500,UA5839,2HNYD2H6XDH921374,Tami
Bentley,Continental Super,NZ3507,1FMNE1BW7AD516129,Vaughn
Dodge,Ram 3500,AF2406,3D73M4CL8AG111851,Lorene
Toyota,MR2,LA4492,WAUAF68E65A011122,Davy
Mazda,Navajo,NZ4344,JM1BL1K57B1831202,Harvey
Chevrolet,S10 Blazer,AV4396,3C3CFFER4FT807532,Morey
Mercedes-Benz,S-Class,AI2527,1G6AB5RA9E0728935,Marlee
Mitsubishi,Mighty Max,EK8649,1GTC5MF92B8965667,Carleen
Nissan,Pathfinder,AF3264,WAULT68E15A769452,Kurtis
Acura,NSX,QF6179,3C3CFFFH3DT933156,Angelo
Buick,LeSabre,AV8136,WBAFU9C53DD471310,Irita
Toyota,RAV4,QR4142,WAU3GAFR5DA699675,Ruperta
GMC,Savana 1500,AZ5907,NM0KS7AN9AT124495,Devlin
Volvo,S80,SK4520,3VW1K7AJ7EM763889,Charis
Chevrolet,Corvette,SK2389,5LMJJ2H53EE679407,Feodor
Volkswagen,Jetta,IB3411,WAUVC58E93A038431,Jake
GMC,Savana 3500,SQ8449,1N4AL3AP0EC092716,Elfrieda
BMW,8 Series,BA8910,3VW1K7AJ2DM194481,Elizabet
Dodge,Ram 3500,UA2598,1G6KD57Y77U356554,Chelsae
Toyota,Avalon,CX9286,JN1BY1AP1FM764401,Townsend
Plymouth,Volare,SK8185,1C3CCBCG2DN921237,Trudie
BMW,7 Series,IB4174,WAUMFAFL6CN112524,Jessey
Mercury,Monterey,AI9401,KNDJT2A24D7949443,Linn
Chevrolet,Corvette,NZ5671,3D7TT2CT2BG450243,Gabi
Mazda,MX-6,NH3133,3N1CN7AP5DL829693,Annissa
Buick,Regal,AF7015,JHMZF1D48FS923802,Francesca
GMC,1500 Club Coupe,UA9176,WAUYGAFC9CN453852,Andrej
Chevrolet,Volt,DL4972,WA1BV94L28D054627,Deanne
Volvo,XC70,CX8450,WBSKG9C56BE225067,Wheeler
Dodge,Grand Caravan,EK8084,KMHHT6KD2DU388498,Emmalyn
Dodge,Ram 2500,NH3836,1GYFK33299R275470,Tucker
Chevrolet,Express 2500,BA1583,WAULD64BX2N644186,Mayne
GMC,Vandura 2500,AV8306,1C4SDHCT7DC038802,Caralie
Honda,Civic,ET9515,WAUCD64B54N265602,Cammy
Volkswagen,Phaeton,AV7494,1GYFC53239R798332,Erinn
Jeep,Grand Cherokee,AA5870,WAUKC68D51A290898,Eli
Mitsubishi,Diamante,AV7819,3MZBM1K77FM051463,Menard
Porsche,911,SQ7791,WAUAH78E86A292583,Fritz
Audi,A8,AF4414,3GYFNCE35DS720287,Matthieu
Honda,Civic,TG4560,5N1CL0MM5EC004029,Gawen
Kia,Amanti,DL6641,2T1KE4EEXDC125802,Annie
Suzuki,Sidekick,KL3414,KNDJT2A13B7594169,Elfrieda
Volvo,850,AI7902,WBADW3C58BE044405,Kathie
Toyota,Tacoma,KL9667,WBAEK13436C093573,Gino
Dodge,Ram Van 2500,ET2814,5FRYD3H9XGB454987,Sande
Dodge,Colt,CX6654,1GD312CGXBF009475,Hatti
Volkswagen,Type 2,NH7585,JN1AV7AR8FM222723,Trish
Toyota,Sequoia,LH8665,WBANB33505B419614,Mil
Suzuki,Esteem,NZ6947,1FTNX2A53AE338095,West
Mercedes-Benz,300SL,AA4958,1GYUCAEF0AR212206,Hakim
Volkswagen,Beetle,EK1409,WAUDT74F85N843886,Clotilda
Volvo,S80,SA9586,WAUFFBFL1CA543536,Sampson
Chevrolet,Avalanche 2500,SK7279,WAULF78K49A916808,Jerrie
Ford,Explorer,QF5890,WVWED7AJ3CW587919,Estrellita
Toyota,Tacoma Xtra,LH8174,WBA3D5C58EF183560,Kylila
Infiniti,G,AM6970,WDDNG9FB6CA490396,Letti
Suzuki,Swift,AM8708,WAUHFAFL6DA229756,Anderson
Mercedes-Benz,SLK-Class,SQ9635,4T1BD1FK8CU092625,Nana
Saturn,Outlook,WN5923,WBAVD53547A200069,Allayne
Chevrolet,Cavalier,WN5400,1FTEX1C89AK108645,Deonne
Ford,F250,NZ1915,1GKS1AE06ER634215,Kelsey
Kia,Optima,AM3012,3D73M4CL7BG312397,Wynne
Ford,Escort,NZ7026,3N1CN7AP3EK023858,Cortie
Volvo,S90,AA9121,1C4RDJAG2EC127920,Devland
Nissan,200SX,WN4981,19XFB2F57CE821921,Damaris
Ram,1500,SK8675,WBAUN13548V142251,Alexei
Ford,F150,AC3846,1D7RW3GK4AS430852,Wake
Kia,Sedona,NZ2679,WAULK78K89N680832,Penny
Bentley,Continental,AV5545,1FMCU4K38CK236381,Georgianne
Audi,S8,SK3193,SAJWA0E79D8910560,Reg
Ford,F150,AI4455,2HKRM3H32CH964490,Obadiah
Chevrolet,G-Series G10,ET3908,WBAYE8C51ED653007,Madlen
Cadillac,DTS,TG7327,WUARL48H88K976191,Jud
Pontiac,Bonneville,AM1067,JN8AS5MT5DW543710,Averyl
Chevrolet,Prizm,AV2213,WAULC58E35A348195,Rosemaria
Mercedes-Benz,S-Class,AV8175,JN8AF5MV8FT704318,Jacqui
Saturn,Sky,SQ1871,4USBU53588L835124,Henri
BMW,7 Series,AA7154,WAUGL78E66A416598,Ines
Buick,Century,UA7363,1C3CC4FB1AN309358,Lind
Volkswagen,Jetta,BA8735,WBAWV13529P553159,Haskell
Mitsubishi,3000GT,NZ6084,5NPDH4AE7BH637839,Blithe
Volkswagen,Passat,AZ1132,1G6DF5E54C0947311,Robbin
Dodge,Ram,SA1209,JM1CR2W39A0846368,Irita
Buick,Skylark,SQ1487,2C3CCABG5DH857277,Beverley
GMC,Sierra 3500,NH1283,WP0AB2A80CU544350,Neda
Mazda,929,SK4848,JH4CU256X9C280501,Javier
Buick,Skylark,TG9054,1GYFK36239R185744,Beau
Chevrolet,Express 3500,LA1514,WBA3F9C51EK126867,Antoine
Chrysler,Town & Country,KE1537,3D4PH9FG7BT809150,Hilario
Toyota,Venza,SQ5204,19UUA56753A403889,Heidi
GMC,Terrain,NH9186,3C3CFFDR0ET868781,Dillie
Infiniti,G35,AZ2382,1G6DA8EY2B0527703,Berkley
Dodge,Ram Van B350,ET7315,1G4GA5GC2AF161677,Faye
Mitsubishi,Mirage,SA2613,5FRYD4H93GB675160,Vanna
Toyota,Land Cruiser,SA8008,WAUK2AFD2FN178858,Dick
Toyota,RAV4,QF6361,1N6AD0CU7FN745618,Darline
Peugeot,207,NH1283,WA1WKAFP8BA757833,Starr
Jaguar,XK,QF3525,1D7CE5GK0AS276886,Jandy
GMC,2500 Club Coupe,AM6207,WBA3B5G56EN745381,Ninnetta
Nissan,240SX,AM2984,SAJWA1EK9EM958823,Faber
Aston Martin,Rapide,AA5924,3GYFNDEY5AS917585,Heda
Ford,Lightning,SQ9432,WAU3MAFD0FN044834,Abbot
GMC,Safari,AI2219,1GD21ZCG2DZ346518,Brigham
Nissan,240SX,IB2377,1FTWW3B55AE515113,Bobbi
Chevrolet,TrailBlazer,QR2154,1GYFC16249R057532,Rowe
BMW,M3,AC4673,WBA3A9C53FK600169,Francesca
BMW,Z3,NZ8863,WAUHFAFL8BN996384,Kyrstin
Saturn,S-Series,AV9155,1G6DN57S740437283,Winthrop
Porsche,Boxster,LA7277,3VW4S7AT6EM437628,Bonni
Toyota,Solara,AI1237,JM1NC2PF4E0824660,Herman
Kia,Sportage,SK9394,WDDGF5EB9AF714377,Madel
Mitsubishi,Outlander,BA7967,JTHBW1GG3F2151488,Madge
BMW,325,KL3810,1VWAH7A39EC019356,Lizette
Mazda,B-Series,UA7959,JA4AP3AU1BZ706034,Linn
Acura,MDX,NH1625,5FRYD3H47FB882258,Saleem
Chrysler,Concorde,NH5711,JH4CL96936C284406,Ellen
Hyundai,Veracruz,AI6015,5TDBY5G1XFS813302,Cassie
Volkswagen,CC,QF5453,WVWAN7AN3DE638809,Cozmo
Plymouth,Voyager,AA8399,WAUJFAFH9DN354756,Odie
Acura,TL,QF1539,WBA3C1G56DN961798,Philippine
Pontiac,Bonneville,NH7162,WBAYA6C5XDD293511,Deeann
Toyota,Corolla,SA8898,WBA3F9C53EF701690,Calli
Mercedes-Benz,SL-Class,KL6376,2T2BK1BA4EC493334,Anatola
Ford,Windstar,DL1452,WA1AY94L88D604612,Chad
Mitsubishi,Tredia,SA8535,WAUPL68E25A113746,Ev
Toyota,Celica,AI7588,5GADV33137D662202,Coreen
Honda,S2000,BA1338,3C6TD5HT0CG534216,Haleigh
Mazda,Miata MX-5,KL4751,1G4GF5G38FF454945,Rosemaria
Dodge,Ram 3500,DL9163,WBAYF8C59ED758116,Elyn
GMC,Sierra 1500,SQ6124,SCBGT3ZA8DC504127,Krispin
Jaguar,XJ,AV4492,1G6AC5S39F0404488,Carlynn
Dodge,Ram Van 3500,DL2192,1G4HD57287U846080,Horacio
Mitsubishi,Outlander,UA9759,1G4GC5GR1DF476814,Jameson
Lexus,LS,SA8652,WAUVC68E75A540427,Charil
Mercury,Tracer,UA1028,1G6AE1R35F0286173,Denver
Chevrolet,Corvair 500,AI6572,1GYS4DEF7BR508718,Jammie
Merkur,XR4Ti,SQ7676,2GKALMEK6D6185721,Caleb
Chevrolet,Camaro,AZ9379,WAUUL78E75A880453,Cordie
Pontiac,Firebird Trans Am,KL7515,WAUAT48H65K862323,Emalee
Chevrolet,Colorado,SA8035,1GKUCKE08AR821281,Isiahi
Audi,TT,NZ9485,WBA5M0C59ED315359,Sharline
Ford,F250,LA6064,1G6AB5SX0D0028539,Ciel
Porsche,911,AV4884,WBALL5C58EJ952641,Laurena
Hyundai,Veracruz,NZ4344,WBAKE5C51CJ488045,Drew
Volkswagen,GTI,UA1293,JTEBU4BF2DK806207,Loraine
Honda,del Sol,BA8890,WUAW2AFC5FN891803,Darline
Pontiac,6000,DL5432,2HNYD283X8H729741,Klarika
Aston Martin,V8 Vantage,AZ8524,SAJWA4FC1EM661571,Gay
Toyota,RAV4,QF7612,5J8TB4H50EL134416,Colleen
Lexus,IS-F,SK2920,SCFFDAAE1CG184246,Patin
Land Rover,Discovery,AV5598,5UXZV4C56CL250335,Ricardo
Saab,9-3,SK1135,1GYFK16219R865159,Thacher
Mitsubishi,Truck,AZ4071,3VW4T7AT6DM781732,Beverlee
Mazda,Mazdaspeed 3,BA1466,2T1BURHE0EC134666,Jermayne
Ford,E-Series,AI8078,3VWF17AT1FM714814,Rosabelle
Volvo,V70,NZ8955,3D73Y3CL0BG476220,Sabina
Audi,A4,CX3692,WAULC68E44A514034,Adams
Dodge,Ram Van 3500,ET5363,1J4NF1FB0AD386281,Barnie
Aston Martin,DB9,NZ8951,2HNYD28768H442674,Carlita
Mercury,Grand Marquis,DL6412,1GYEK63N56R260869,Bunny
Chrysler,PT Cruiser,SA3789,WAUUL68E25A122014,Arlan
Dodge,Ram 1500,LH5061,1D7RB1CPXBS724310,Fulton
Mercedes-Benz,300SL,AA9509,KMHGN4JE3FU786942,Mannie
Mitsubishi,Mirage,KL2768,WDDNG7DB2CA137077,Hadleigh
Saturn,VUE,DL8509,1G6DC1E30C0973355,Shanon
Dodge,Challenger,KL5248,WP0AB2A94FS870399,Claudell
Maybach,Landaulet,AV7022,SCBLC47J69C540705,Brewster
Lexus,GS,LA3827,19XFB2F27CE841690,Con
Pontiac,Grand Prix,AI4844,1FTEX1CM0BK727391,Anitra
Pontiac,Aztek,AA1385,WA1LMBFE4BD393863,Mollee
Pontiac,6000,SK2389,1J4PN2GK6AW041860,Wolf
Acura,MDX,EK5119,YV4902NB1F1428947,Fredek
Cadillac,DeVille,AI7588,1G6DP5EV9A0189105,Janeva
Chevrolet,Corvette,DL4421,SCFFDABE1BG142365,Caryl
Bentley,Continental Flying Spur,AI9950,1GYFC53259R948280,Sutton
Honda,Civic,AA5870,1G4CW54K054664069,Giralda
Ford,Tempo,AV7509,SCFEBBBC4AG065592,Jaclin
Audi,S6,AZ1141,5UXZV4C52D0042066,Alastair
Chevrolet,Beretta,AM9841,19UUA66224A994145,Francesca
Dodge,Ram Wagon B250,IB3835,3VW467AT0DM342968,Daffi
Chevrolet,Malibu,ET5346,4A31K2DF9AE764083,Griz
Audi,Coupe Quattro,QF2814,WBAEU33414P693813,Jereme
Ford,Explorer,CX1720,5J8TB1H58CA767110,Brooke
Cadillac,Eldorado,CX3579,3VW507AT2FM478687,Adriana
Chevrolet,Express 2500,SK1914,WAUEH78E87A510539,Rayshell
Hyundai,Accent,KL5799,1GYEE437990903536,Annabelle
GMC,Envoy,BA7332,WBAAN37401N267219,Eldin
Volkswagen,CC,ET6876,WBA3V5C58F5702207,Austine
Bentley,Continental Flying Spur,SK1423,WBAAV33431E062533,Briant
Austin,Mini,DL1309,WAUDT94F75N276100,Shea
Honda,Odyssey,AZ5224,WDDGF4HB6CF084567,Alexi
Audi,A4,LA7850,3C6TD5CTXCG268758,Humbert
Pontiac,Grand Prix,SA1461,3VW4A7ATXDM520707,Zara
GMC,Vandura G2500,LA5518,2C3CCAPG0DH627347,Claudianus
Honda,Accord,SQ1888,2C3CCAAG8FH927763,Marline
Ford,E-Series,SK7444,2HNYD284X8H413765,Ailsun
Mercury,Grand Marquis,KL6764,2T1BURHE1EC535529,Thorvald
Pontiac,Grand Prix,EK1492,JN1CV6AP5BM774143,Christoph
Acura,RL,NH3833,WAUWFBFL8BA811609,Marcelia
Ford,Contour,SQ3273,JA32X8HW2AU545752,Barbara-anne
Aston Martin,DBS,QR3479,WAUDF48H38K689773,Athene
Volvo,XC60,BA2476,1FTEW1CWXAF298093,Yanaton
Acura,TSX,EK1066,WDDHF8JB1DA435843,Clementius
Infiniti,Q,AA1583,WDDEJ7EB6EA363271,Elvira
Pontiac,GTO,KE5551,WVWEU9AN0AE604001,Joan
Geo,Tracker,AA3818,WAUVT68E63A559175,Sanders
Honda,Pilot,EK2269,WVGAV3AX8DW431929,Goldina
Chevrolet,Tahoe,AZ7112,WDDHF8JB8DA218466,Edie
Acura,RDX,SK1381,1D7RB1GP8BS307164,Maximilian
Subaru,Legacy,TG1611,1G6DF5E58D0017302,Karin
Ford,Escape,AF7177,5UXXW3C59F0907312,Gaston
Pontiac,Parisienne,IB2973,WDDGF4HB6DF087017,Brigit
Ford,Laser,SK7701,YV4902DZ7B2636673,Elwyn
Nissan,Pathfinder,AZ3288,5GAKVDED9CJ434852,Vincenty
Toyota,Matrix,QF1141,WBAKB0C59BC788320,Finn
Mazda,626,ET7584,3C4PDCBB8ET213372,Ronna
Buick,Coachbuilder,CX6613,JA32U1FUXAU437123,Cherlyn
Lexus,LX,SA1191,3C4PDCGB9FT298040,Staford
Ford,F-Series,NZ9667,2HNYD18983H452420,Alyosha
Cadillac,XLR,AF4460,5NPET4AC3AH422040,Vince
Chrysler,200,IB8664,WBADN53433G697137,Emmanuel
GMC,Savana 3500,QF5643,1FTWW3CY1AE693125,Jodie
Ford,F350,WN3418,2B3CJ4DG0BH779411,Ivy
Volvo,XC90,DL9098,WAUHF78P68A954993,Zebedee
Volkswagen,Jetta,LA4220,5GAKVBKD3EJ623895,Koenraad
Hyundai,Veracruz,BA3679,WAUSH98E87A743982,Emera
Mercury,Mountaineer,KE7078,1FBNE3BL5BD965966,Jammie
Ford,F150,NH6666,WAUBF78E68A047374,Garland
Ford,E150,AA4011,1N6AA0CA7DN384239,Davidson
GMC,Vandura G1500,KE5876,WAUXU64B92N128208,Florance
Honda,Pilot,AA7154,SALAF2D49AA868272,Virgilio
Mitsubishi,Mirage,UA1618,1YVHZ8BA8A5999804,Wadsworth
Oldsmobile,Aurora,AV4396,WAUDH48H59K409296,Marris
GMC,Sonoma,EK8611,WAUAH94F76N952440,Franklin
Mercedes-Benz,S-Class,SK4657,SCBCU7ZA6AC276868,Danette
Mitsubishi,Diamante,DL7492,1G6AX5SX2E0630281,Elia
Chrysler,300M,NH4238,5UXXW5C59F0954402,Asia
Pontiac,Trans Sport,LH6321,KNDMG4C34A6069184,Maddie
Ford,Thunderbird,UA8466,1FTSW2B51AE968315,Issi
Pontiac,Monterey,BA9625,1N4AA5AP6CC116189,Linc
Audi,A6,WN1387,WBAWR33517P755732,Bay
Ford,Aerostar,LA2393,19VDE3F78DE202566,Arden
Lamborghini,Gallardo,QR6223,2LMHJ5AR0BB342768,Wildon
Chevrolet,Malibu,KE5476,3VW517AT4EM240822,Ivy
Honda,Prelude,AI5059,5GAKVCKD3EJ975414,Gunner
Ford,Tempo,LH4905,SALGS2DF0DA326070,Wendel
Mercury,Topaz,AA6725,1C6RD7GPXCS664927,Gonzales
Chevrolet,Caprice Classic,ET2520,WAUSH78E36A005963,Clem
Audi,RS 4,QF4776,JN1CV6EL0EM924462,Gerard
Pontiac,Grand Am,NZ9286,1G4GF5G35CF138351,Haze
Oldsmobile,Intrigue,QR3221,1G6DL8ED5B0811446,Ginelle
Infiniti,Q,LA3204,WA1CMBFP5EA016109,Deena
Lexus,LX,LA5518,3D73Y4HL1BG735523,Ephrayim
Citroën,2CV,NH3774,5FPYK1F48CB415643,Coralyn
Ford,F150,AA6725,3D73Y3HL0BG240319,Bliss
Volvo,S80,DL7930,WA1EY74L48D214998,Esmaria
Infiniti,I,EK9373,WAUAH78E27A699462,Cart
BMW,530,KE1048,WAUJT54B12N408451,Cassandre
Dodge,Dakota,BA3644,WBADS43413G369234,Emelen
Ford,Edge,AM9862,2C4JRGAG7DR467992,Svend
Lexus,LX,AV6698,1ZVBP8AMXC5871612,Cicily
Chevrolet,Corvette,BA2034,KMHHU6KJ7FU338248,Cher
Chrysler,300C,NZ6628,YV4902NC6F1134050,Abby
Suzuki,SJ,NZ6683,WVGAV3AXXDW772488,Yurik
Mitsubishi,Mirage,NH4003,WBA3B5G58FN426839,Karmen
Chevrolet,G-Series G20,AZ4247,1C3CCBBB1EN168114,Aubree
Toyota,Sequoia,LA1315,WDDGF4HB8DF090386,Hobie
Isuzu,Impulse,UA9630,5UXWX7C55BL965118,Jocelyne
Toyota,Tacoma,NH7338,1GYS3AEF8DR284976,Falito
Cadillac,Eldorado,NH2640,WA1BY74L58D484700,May
Isuzu,Trooper,NH4540,1FTEX1C86AF958810,Rosco
Chrysler,Pacifica,TG8399,2T1KE4EEXAC519330,Luci
Toyota,Yaris,ET2727,1GTN1UEH7FZ175987,Alvan
Land Rover,Defender 90,NH7134,WAUKC68D91A429091,Charmain
Audi,100,NZ2706,WVWAP7AN4DE271980,Suellen
Volkswagen,Tiguan,AZ9034,WDDHF5GB4AA579226,Khalil
BMW,X6,BA8137,1G6DW677970871417,Cacilia
Dodge,Intrepid,EK7012,WA1MMBFE3AD534926,Barnett
Honda,Civic,NZ6571,1G6AF5S37D0726051,Cordie
Suzuki,Sidekick,NH4808,JN8AZ2KR9DT535869,Colver
Saturn,VUE,TG3301,JN1AV7AR7FM099917,Emmye
Toyota,Echo,TG9905,WAUVC58E24A881694,Ross
Volvo,960,AM8764,WAUDFAFC7EN297668,Karoly
Hyundai,Accent,SK6873,WAUNF68P86A529513,Lucretia
Audi,riolet,KL7820,5N1AZ2MHXFN423116,Paxton
Mercedes-Benz,CL-Class,NH7202,WAUEF98E68A928892,Alair
Suzuki,Grand Vitara,AA1719,WUARL48H89K390852,Twila
GMC,Savana 1500,QR6945,JN8AS5MT4CW111138,Timmy
Oldsmobile,Custom Cruiser,KL5305,JTHBB1BA6A2077894,Anne
Saturn,L-Series,AC5997,WAULC68E72A359136,Suzi
Suzuki,Equator,ET8426,WAUDF48H87K426886,Petronille
Plymouth,Sundance,KL5690,KMHCT4AE2FU751619,Pablo
Ford,E-Series,AC5992,WAUMF98KX9N843663,Cassey
Ford,F350,BA2574,WBAXG5C5XDD083138,Sharona
Saab,9-3,DL9517,WAUAF48H97K033255,Cathleen
Dodge,Neon,SA8371,JN8AS5MT0BW277462,Farlay
Toyota,Supra,TG4753,WAUUL98E46A502376,Kelli
Kia,Soul,AF9700,WBAPM5C55BE700672,Monica
Nissan,Frontier,NZ4755,1G6DW677350759497,Theodore
Mitsubishi,Outlander Sport,KL2554,1FAHP3DN8AW190298,Kirby
Mazda,Mazda6,KE4306,2C3CDXBG7CH420136,Debby
GMC,Savana 1500,DL8854,4JGDA2EB5CA331168,Kipper
Chevrolet,Monte Carlo,EK7699,1FTFW1E81AF778039,Bess
Chevrolet,Corvette,ET7440,SCFAD02A07G660962,Osborn
Plymouth,Prowler,WN9446,JN8AZ2KR3AT631296,Diannne
Chevrolet,Silverado 3500,NH2177,5FRYD3H6XFB817034,Lisha
Jeep,Wrangler,DL2500,WBAKF5C57CE179850,Silvia
Pontiac,Firebird Formula,WN9133,1N4AB7AP6EN564867,Candace
Mazda,B-Series,NZ2252,1ZVBP8AM6B5383725,Toinette
Chevrolet,Camaro,KL4572,JM1NC2SFXF0801697,Neville
BMW,M3,NZ5311,1N4AL2AP9BN834279,Eric
Toyota,T100 Xtra,AI2923,WAUNF78P28A810246,Kimberly
Chrysler,Concorde,SK6834,WAUWGBFC9EN124763,Kerri
Chevrolet,Corvette,SA2908,1FMCU4K32CK831016,Bondon
Toyota,Land Cruiser,LH2095,WAUUL78EX6A144592,Christi
Mercedes-Benz,SLS AMG,LA8222,4JGBF2FB2AA644814,Filberte
Maserati,430,CX2045,WBA3D5C5XFK433213,Ashley
Suzuki,Samurai,KE1190,3GYFNEE32ES878180,Nadya
Mitsubishi,Pajero,AM7823,5YMGZ0C51CL476991,Glen
Land Rover,LR3,AI6362,1G6KE57Y94U149981,Lilllie
Land Rover,LR3,CX3481,KMHTC6AD3FU172190,Sonny
Buick,Skyhawk,LA7827,4T1BF1FK3EU466443,Jolee
Volkswagen,Rabbit,LA8602,1G6DS1ED7B0458301,Rochette
Saturn,VUE,SA1377,JTDKN3DU9A0004266,Torrie
Chevrolet,Suburban 2500,QF1234,WAUEH78E17A982534,Gerri
Honda,Passport,AZ6840,2D4RN4DG3BR226701,Katti
Hyundai,Sonata,KL8992,WAUWFAFRXEA861396,Odie
Kia,Sportage,IB5771,5N1AN0NW4FN729368,Aridatha
Isuzu,Rodeo,AF9045,1G6DJ1E38D0023333,Iain
BMW,Z4,WN2179,JTMHY7AJ5F4227794,Kev
Honda,Prelude,AZ7460,JM1NC2NF1E0998043,Esta
Volvo,C70,AC8457,WBXPA93405W563054,Muhammad
Honda,S2000,AC6229,5NPDH4AE8BH938989,Timothy
Audi,A6,AA6481,WAU3GAFD7FN416337,Ervin
Toyota,Echo,ET1697,JTEBU5JRXF5236279,Ketti
Subaru,Legacy,NZ3326,1G6DL8EV2A0587317,Willie
Plymouth,Voyager,LH7901,SCBZB25E02C093950,Romeo
Ford,Mustang,KL7456,3MZBM1L79EM674144,Olivier
Mitsubishi,Diamante,SQ7182,WVGAV7AX8CW665123,Duff
Ford,F250,SK1252,1N4AL2AP0AN146444,Elana
Volvo,S60,CX1065,5UXWX7C56BL828950,Peadar
Mitsubishi,Lancer Evolution,WN9691,1GYS4BEF1ER217754,Hyacinthe
Dodge,Caravan,DL1126,1D4PU7GX3BW872500,Meredith
Toyota,Celica,NZ4615,1VWAH7A33EC233260,Nalani
Chevrolet,Suburban 2500,AI2516,WAUJC68E03A674191,Ruddie
Chevrolet,Suburban,AV8581,1GYEC63828R485437,Marcille
Volkswagen,GTI,QF8236,5J8TB3H33DL309667,Dawn
Maserati,Biturbo,SQ4039,WAUDH94F48N680977,Phillie
Pontiac,Sunfire,DL4345,1FTSX2A52AE510796,Nelly
Lexus,CT,AZ1011,TRUUT28NX61101527,Nicolas
Mazda,B-Series Plus,NZ6009,WDDLJ7DB3CA737812,Dilly
Dodge,Ram 1500,QF8612,1J4NF1FB2AD514763,Cicily
Mercedes-Benz,SLK-Class,AF3520,3D73Y4EL7AG473283,Allyson
Honda,CR-V,ET9601,JN1BY0AP3AM386357,Shay
BMW,545,AV6920,5GALRCED0AJ539568,Brandie
Saturn,S-Series,BA6869,KMHCM3AC6BU367875,Jereme
Mazda,MPV,QF2751,KNADM5A35F6538644,Zed
GMC,1500,SK6761,WAUEFBFL2AN717552,Shelia
Volkswagen,CC,UA1486,JH4CL96936C263331,Trudy
Mercury,Capri,UA8029,WAUVC58E65A739950,Ignazio
Ford,Mustang,NZ2363,KNAFT4A22D5879449,Flossie
Volkswagen,Cabriolet,SQ4852,1G6AA5RA1E0640884,Nichole
Plymouth,Horizon,UA8267,JH4KA96521C091512,Mei
Pontiac,Grand Am,TG3813,3D7TT2HT7BG486714,Davide
Ford,Aerostar,UA5646,WAUKH78EX7A819397,Denny
Toyota,Previa,DL8529,WA1VMAFEXAD336214,Welsh
Subaru,B9 Tribeca,NZ5754,YV1612FH7D1109341,Orazio
Acura,RL,DL1027,W04G15GV9B1161786,Cecile
Volkswagen,Cabriolet,SA6086,WAUML64B73N052690,Hasheem
Ford,F250,BA2135,1FMCU0F70FU562318,Jewelle
Saab,9000,CX4626,SAJWA4EB6EL663072,Korney
GMC,Savana 1500,SK5816,1FTWW3DY0AE577025,Benjy
Mitsubishi,Challenger,SA7414,WA1CGAFE5FD623840,Ray
Kia,Sephia,EK7825,19UUA65684A761066,Roxie
Dodge,Neon,KE5890,WP0AB2A85FK792223,Fabiano
Mercury,Mountaineer,KE3317,JTDKN3DUXB0060508,Nicol
Toyota,Echo,SK8026,5N1AN0NU1BC834650,Koressa
Nissan,Murano,AC5785,1C3CDZCB0EN336913,Isabella
Mercedes-Benz,E-Class,NZ9071,JHMZF1D42DS079219,Abbye
Cadillac,Escalade ESV,DL1459,3VWPG3AG9AM990973,Flinn
Acura,TL,QR4803,WBAKF5C52DJ553614,Zita
Audi,5000CS,SA9852,JTHBC1KS4B5358629,Lemuel
Mitsubishi,Lancer Evolution,AI3656,1FTEW1E87AF611647,Harald
Ford,Thunderbird,SK3030,5N1BA0ND9FN094534,Lanny
Pontiac,Parisienne,UA6429,5TFBW5F18AX105415,Lotty
Mercedes-Benz,SL-Class,AV6922,2LMHJ5FK6FB172174,Lon
Saab,9-3,AC8696,SCBLC43F85C903663,Waneta
Audi,100,AZ5214,1D4PU5GK4AW839609,Craggy
Chevrolet,Express 2500,UA9176,1FTSW2A5XAE712434,Arin
Maserati,GranTurismo,UA1293,1N6AF0KY8FN742130,Codie
Land Rover,Discovery,QR6953,WBA3A9G56DN184110,Rickert
Audi,Quattro,AV5598,3N1BC1CP1CK663852,Myca
Land Rover,Defender,AA4577,1G6AB5SX8E0525730,Fedora
Isuzu,i-370,LA9236,1D7CW3BK1AS636062,Rubetta
GMC,Sonoma,KL7475,WA1CFBFPXBA270470,Nickola
Oldsmobile,Bravada,QR9225,WAULC68E83A928576,Germayne
Mazda,626,AV8059,1C6RD7JT1CS104333,Sheelagh
Mazda,RX-8,SA7016,2T1BURHE9EC621557,Sheppard
Mazda,RX-7,UA1667,2C4RDGEGXFR494134,Christye
Volvo,XC90,SA9580,3VW517AT3EM256400,Wallis
Mercedes-Benz,SL-Class,AV9889,WA1DVAFE5AD147009,Katya
Honda,Odyssey,TG4778,WDDHF2EB4DA852557,Jecho
Porsche,911,AI1305,1B3CB9HAXBD844097,Marlane
Volvo,850,ET3606,1D7RV1GT5AS269119,Jeramie
Buick,Regal,TG4861,WAUDL74F56N581200,Liana
Lexus,SC,DL2968,5N1AA0NC0AN360342,Paige
Buick,Skyhawk,UA9950,1C4RDJDG9CC958128,Cristin
Pontiac,Firebird,AV6156,WVWAN7AN5DE881392,Jaquith
Nissan,Frontier,WN3136,1FMCU9E72AK277453,Melloney
Chevrolet,Corvette,EK7276,WAUHF78P87A834241,Berne
GMC,2500,AC7048,2C3CDXEJ2DH406539,Micheline
Mazda,MX-5,LA7827,5GADT13SX72368925,Currie
Ford,Excursion,LH1985,JHMFA3F20BS076907,Nancie
Lincoln,Town Car,KE3449,WDDHF5KB8FB969559,Gary
Chevrolet,Bel Air,DL5703,JN1CV6FE3FM207507,Anica
Nissan,Pathfinder,IB2906,WA1AY94L08D169472,Tallou
Ford,E-Series,CX6773,WBAGL63442D136079,Sarah
Lexus,HS,KE8361,JN1CV6EKXBM169601,Emelen
Mercedes-Benz,M-Class,IB7269,19UUA56872A441244,Karyl
Mercedes-Benz,500SEL,AF4678,3VW217AU4FM461477,Nester
Chevrolet,Suburban 1500,BA6344,JN8AZ1MU7CW868774,Rockie
Mazda,Protege,KL8886,1G6DP8E35C0379003,Jessa
Mercedes-Benz,S-Class,LA2192,1G6AH5R39E0433253,Emmott
Audi,A5,KE4306,JN1BY0AP2AM733659,Hermione
Chevrolet,Camaro,NH4302,3VW467AT7DM987763,Ches
Pontiac,Sunbird,KL8773,JTHBC1KS4B5404637,Tish
Volvo,S40,AM6212,5J8TB3H59EL885105,Keane
Volkswagen,GTI,DL3726,3N1CN7AP0EK111248,Gussy
Chrysler,LHS,SA4032,WAUXG94F29N451831,William
Mercury,Lynx,ET1697,3HGGK5G55FM902917,Neala
Buick,Regal,NZ6947,WBAEN33434P452820,Hamish
Dodge,Grand Caravan,AC5775,1GTN1TEH4FZ026236,Torrance
BMW,Z4,IB4379,TRUSX28N711709199,Marillin
Mitsubishi,Starion,EK4642,1G6KD54Y53U942006,Kip
Cadillac,Escalade EXT,SQ6228,WDDHF8JB9DA576126,Homerus
Mazda,CX-7,SQ5036,WVWAB7AJ5CW522574,Nicola
Mercedes-Benz,GL-Class,KE8507,WBAEV33432K573602,Wilfrid
Lincoln,Continental Mark VII,EK6173,1GYFC56299R146939,Reinhold
Subaru,SVX,KL7178,WAUDK78TX8A952218,Craggie
Ford,Probe,NZ3376,5UXWY3C56F0310835,Hermina
Cadillac,STS,BA6235,YV126MFB6F1068257,Prudi
Mazda,RX-7,NH5022,SAJWA4GB4EL575201,Jens
Lotus,Esprit,EK9440,WVGAV7AX4CW750007,Shaw
Pontiac,Grand Prix,AM2576,SCBZB25EX2C366909,Netti
Chrysler,LHS,AC3188,SCFFDABM0EG453393,Tammie
Audi,TT,SK3030,1FTEX1CM2DF691506,Sigvard
Chrysler,Sebring,SA2908,1GKS2FEJ6CR518237,Wynne
Mercury,Villager,SQ3804,WAUVT68E04A138280,Mayne
Volvo,XC70,TG3467,5BZBF0AAXFN580352,Carree
Volkswagen,Type 2,BA9664,1J4NF1FB9BD109341,Letitia
Mitsubishi,Cordia,WN5297,JN1CV6FE2FM535985,Brok
Mercury,Sable,SQ5096,2T2BK1BA9FC150682,Hilario
Ford,EXP,WN5978,YV1612FH7E1940727,Sherlock
Chevrolet,SSR,SA3089,1G6DM57TX70180717,Roanne
Cadillac,CTS,LH1888,JH4NA21634S928363,Sayre
Infiniti,G25,WN3151,1N4AL2AP2AN404687,Darbee
Jaguar,S-Type,AF8531,WVGAV3AX7EW892198,Killy
Ford,E-Series,UA5107,JTJBM7FXXB5461896,Claudelle
Suzuki,XL-7,KE8393,1B3CB9HA2AD442573,Bess
Buick,Park Avenue,SQ8385,WBAEP33413P183662,Nappie
Pontiac,Sunfire,AV7509,WAUGFBFC1DN287123,Jone
Mazda,B-Series,UA5419,JTJYWRBZ9F2909513,Antoni
Ford,Escape,QR6341,TRUTC28N761205422,Tiffanie
Chevrolet,Classic,AM4613,4USBT53433L135370,Ellene
Honda,CR-X,DL9400,1N4AL3AP1DC446905,Reed
Mazda,MX-6,AV3279,1GYS3KEF0DR955921,Fleming
Hyundai,Tucson,BA2903,WAUVFAFH1DN435994,Karim
Volkswagen,Touareg,AV8641,WDDGF4HB4CF395379,Faun
Acura,MDX,WN3418,4T1BD1EB9EU115611,Flem
Subaru,Outback,LA5728,4USBT33505L841633,Jsandye
Volkswagen,Passat,LH2394,1C4RDHDG2CC482796,Harris
Buick,Electra,AC5689,1G6AH5R37D0289426,Hymie
Pontiac,6000,LH1978,JTHBL1EF7B5607682,Luther
Hyundai,Elantra,NH4775,1FTSW2B54AE498524,Marguerite
Chevrolet,Vega,QR6498,1GD022CG3CZ247328,Shell
BMW,3 Series,BA8890,1G6DP577270143249,Shandy
Mazda,CX-7,LA6719,JN1AZ4EH6BM876618,Anallise
GMC,Envoy,NZ7772,WDDGF4HB8DG916390,Robinetta
Ford,Club Wagon,QR6341,1D4PU2GKXAW212542,Roddy
Mercury,Grand Marquis,AC2119,1G6DC67A980654200,Thibaud
Volkswagen,GTI,SQ8216,WAUKF78E78A588496,Skelly
Aston Martin,V8 Vantage,QF4866,WA1WMBFE0CD263366,Marga
BMW,760,ET5683,3D73Y3HL8BG191046,Marten
Pontiac,Grand Prix,ET7440,1C6RD6FK3CS703180,Tadio
Mitsubishi,Mirage,NZ8208,2D4RN4DG9BR859865,Sid
Chevrolet,Corvette,QR5497,1C6RD7HT7CS266103,Erma
Kia,Sedona,CX7264,3D73Y4HL7BG197085,Adria
Oldsmobile,Silhouette,IB9873,1FTWX3D59AE378087,Jaimie
Ford,E-Series,NZ8766,1G6KE54Y22U081864,Harri
Subaru,Brat,NH4045,1C3CDWEA8CD992492,Jecho
Acura,MDX,QR7315,JHMGE8G3XCC084036,Lonni
Toyota,T100 Xtra,LA7466,WA1CM74L69D163301,Obadias
GMC,Sierra 3500,TG5206,1FTEW1E80AK944442,Alessandra
Chevrolet,Cruze,AV5916,WAUKH94F96N366634,Cicily
Toyota,T100 Xtra,AF3819,JTDKN3DU2A0032555,Benn
Mercedes-Benz,C-Class,QR4532,4T1BD1FK2DU306123,Georgi
Dodge,Neon,AZ9564,KMHTC6AD8DU481828,Ophelie
Nissan,Frontier,QR8726,1GD02ZCG4CF876249,Merissa
Porsche,Boxster,SA2145,WAUHE98P49A933253,Yasmin
Mitsubishi,Endeavor,ET6785,WBA3C1G50DN480199,Uriel
Hyundai,Santa Fe,AV1487,1N6AA0CC8EN473305,Trstram
Volvo,S80,LA1090,WBALL5C55FP617612,Alonzo
Dodge,Ram Van 1500,AZ3832,4USCN53452L913097,Kanya
Audi,S5,SA5934,WDDUG7GB9FA175773,Damara
Toyota,Prius,LH3163,WBASN4C50CC895529,Vincents
Audi,S4,SQ7058,3C63DPGL6CG658651,Rafaelia
Toyota,Camry Hybrid,SQ4687,WBA1J9C50FV663591,Laurence
Infiniti,G,SA8464,1GYFC26219R092003,Rhetta
Volvo,V50,LA7059,WAUSF78K49N110505,Donavon
Pontiac,GTO,SQ6733,1G6DV57V080007580,Xavier
Volvo,S40,SA2968,1GKS1HE04BR275869,Balduin
Toyota,Corolla,QR2909,1FA6P8AM0F5061954,Katine
Ford,F350,WN2925,1G4GH5E36CF901197,Preston
Pontiac,Bonneville,SQ6124,WA1DGBFE0ED303043,Huntley
Hyundai,Tiburon,BA9137,JH4DC54856S747174,Coreen
Nissan,Frontier,NZ9726,WAUVFAFH1AN335289,Krystalle
Subaru,Legacy,WN9889,1C3CDWEA6CD172718,Angelique
Dodge,Shadow,IB5133,5TDBM5G17CS705520,Normand
Mitsubishi,Mighty Max,CX1637,WDDEJ9EB2DA654621,Maynard
Land Rover,Freelander,SK6503,1G6KE57Y11U946396,Orlando
Lexus,CT,AF8267,1G4CU541X24256932,Athene
Isuzu,Rodeo,LA3204,WDDHF5GB4AA697101,Janot
Hyundai,Santa Fe,AZ7443,SCFFDABM5DG711552,Emilie
Chrysler,Cirrus,CX8409,1FTWW3B57AE168805,Freddie
Chevrolet,1500,NH8541,SCFAB02A07G630298,Joyous
Buick,Regal,AC1219,WBAVC53548F568467,Roarke
Audi,80,AF8541,WAUDFAFC4DN073207,Odelle
Chevrolet,Camaro,SQ5181,WAUBH64BX1N194683,Myranda
Ford,F350,QR9862,WUAUUAFG8CN978448,Demetra
Bentley,Continental Flying Spur,AV4539,1FTMF1E82AF802811,Lula
Toyota,Sienna,DL1925,WAUBC48H15K205126,Edeline
Lotus,Esprit,AC5615,5FRYD4H89FB399962,Avigdor
Ford,E350,NH2322,1N6AA0EC6FN338984,Karlik
Chevrolet,Express 3500,LA9661,1FMHK7B83CG869706,Marla
Chevrolet,Sportvan G30,NH3133,WA1VFBFL9DA298561,Chaddie
Dodge,Spirit,QF1731,3N1AB6AP8BL264346,Abraham
Ford,Econoline E350,BA9357,5FRYD4H44FB987880,Aloysia
GMC,Canyon,SK6941,WAUXD68D92A384206,Reinald
Buick,Regal,ET4912,1G6AH5S33D0927696,Jasun
Mercury,Villager,TG6294,WBAKE3C50DE370941,Britt
Dodge,Colt,QF8539,WDDGF4HB2ER872893,Shantee
Maserati,228,AM3006,JH4DB75591S231105,Raynard
Suzuki,Verona,AI2273,1GYFK13299R634627,Paulo
BMW,M6,AA2358,WBA5B3C59FD458403,Egan
Audi,A5,AC7816,1FTWF3D53AE429991,Albrecht
Kia,Sedona,NZ8766,1G6DF8E58C0252203,Rouvin
Kia,Optima,AC8457,1C6RD7GP1CS131901,Peyton
Buick,Skylark,SQ6124,JHMZF1D43ES352234,Obediah
Mercury,Topaz,QR7129,1ZVBP8AN6A5635934,Antons
Mercury,Montego,UA2052,JH4CU25669C877502,Meridel
Mercedes-Benz,S-Class,TG6097,5GADT13S042871407,Lynelle
Mercedes-Benz,W201,IB5029,NM0GE9F75F1744590,Lenard
Ford,Laser,IB7731,2G61T5S34F9422502,Tova
Jaguar,XJ Series,CX5881,WBAPK5C59AA032547,Candice
Scion,xB,WN7802,5J8TB2H58CA936838,Juline
Mercury,Mariner,IB2413,WAUGGAFR7EA079011,Stephanie
Mercury,Mountaineer,AF7295,3D7TP2CT4BG677003,Moyna
Volvo,S80,AM5247,1GYS4GEF9BR536411,Eden
Hummer,H3,AZ7651,SCBBR93W07C485755,Fran
Kia,Borrego,AI9055,1GYS3DEF0ER367191,Amerigo
Kia,Amanti,AI2719,WBAVS135X7F071451,Farrel
Acura,Integra,SK2122,KNDJT2A24D7392212,Suellen
Maybach,57,CX4721,1N4AA5APXAC975444,Leupold
Isuzu,Rodeo,LA3448,SCBLF34F65C382376,Ollie
Oldsmobile,88,QF7728,3C3CFFAR7CT378131,Gayle
Nissan,JUKE,KL3207,1GTN1TEX5CZ085685,Lorilyn
Acura,Legend,EK1205,KMHD35LH1FU120801,Alvin
Maybach,62,BA6099,WAUHFAFL4AA409006,Arny
Mercedes-Benz,SL-Class,AA9987,WBAEJ13403A302990,Kameko
Nissan,Altima,IB1115,2G4GZ5GV4B9104398,Leilah
GMC,Sierra 1500,LH6305,1N6AA0EC5EN821171,Marisa
